"Fecha","Último","Apertura","Máximo","Mínimo","Vol.","% var."
"08.09.2023","14,852","14,610","14,860","14,555","","1,59%"
"07.09.2023","14,620","14,620","14,690","14,520","3,02M","0,17%"
"06.09.2023","14,595","14,665","14,760","14,545","2,93M","-0,82%"
"05.09.2023","14,715","14,610","14,890","14,520","4,13M","0,44%"
"04.09.2023","14,650","14,800","14,810","14,620","4,55M","-0,41%"
"01.09.2023","14,710","14,460","14,835","14,420","5,51M","3,45%"
"31.08.2023","14,220","14,415","14,450","14,220","8,26M","-1,25%"
"30.08.2023","14,400","14,445","14,500","14,355","3,37M","0,24%"
"29.08.2023","14,365","14,260","14,495","14,260","21,44M","0,81%"
"28.08.2023","14,250","14,250","14,275","14,175","","1,24%"
"25.08.2023","14,075","13,855","14,165","13,855","3,42M","1,62%"
"24.08.2023","13,850","13,720","13,890","13,710","2,75M","0,95%"
"23.08.2023","13,720","13,965","13,965","13,500","3,04M","-1,40%"
"22.08.2023","13,915","13,980","14,075","13,915","1,55M","-0,64%"
"21.08.2023","14,005","13,895","14,140","13,895","2,93M","1,05%"
"18.08.2023","13,860","13,715","13,890","13,660","2,63M","0,33%"
"17.08.2023","13,815","13,660","13,850","13,660","1,86M","0,66%"
"16.08.2023","13,725","13,710","13,835","13,650","2,49M","-0,18%"
"15.08.2023","13,750","13,900","13,950","13,680","2,71M","-0,76%"
"14.08.2023","13,855","13,910","13,990","13,805","4,94M","-1,81%"
"11.08.2023","14,110","14,040","14,110","13,895","2,25M","-0,25%"
"10.08.2023","14,145","14,070","14,215","14,030","2,54M","1,14%"
"09.08.2023","13,985","13,800","14,080","13,800","3,07M","2,15%"
"08.08.2023","13,690","13,720","13,745","13,430","2,47M","-0,87%"
"07.08.2023","13,810","13,900","13,955","13,705","1,98M","0,29%"
"04.08.2023","13,770","13,680","13,845","13,680","2,73M","0,92%"
"03.08.2023","13,645","13,560","13,670","13,360","5,36M","0,55%"
"02.08.2023","13,570","13,670","13,850","13,570","9,42M","-0,99%"
"01.08.2023","13,705","13,855","13,985","13,620","3,49M","-1,40%"
"31.07.2023","13,900","13,815","14,025","13,745","4,83M","1,16%"
"28.07.2023","13,740","13,645","13,850","13,600","4,11M","0,44%"
"27.07.2023","13,680","13,715","14,015","13,680","10,40M","-0,83%"
"26.07.2023","13,795","13,705","13,820","13,585","20,33M","0,69%"
"25.07.2023","13,700","13,980","13,980","13,670","17,60M","-1,37%"
"24.07.2023","13,890","13,335","13,935","13,300","4,60M","2,74%"
"21.07.2023","13,520","13,400","13,535","13,285","11,00M","1,65%"
"20.07.2023","13,300","12,945","13,365","12,945","7,94M","2,66%"
"19.07.2023","12,955","12,745","12,985","12,715","2,95M","0,93%"
"18.07.2023","12,835","12,625","12,835","12,565","2,11M","1,26%"
"17.07.2023","12,675","12,595","12,865","12,510","10,15M","0,32%"
"14.07.2023","12,635","13,000","13,005","12,585","4,23M","-3,03%"
"13.07.2023","13,030","12,950","13,215","12,930","3,22M","0,85%"
"12.07.2023","12,920","12,875","13,135","12,765","25,74M","0,31%"
"11.07.2023","12,880","12,715","12,900","12,675","5,17M","1,22%"
"10.07.2023","12,725","12,815","12,925","12,700","2,75M","-0,16%"
"07.07.2023","12,745","12,760","12,820","12,480","7,16M","-0,97%"
"06.07.2023","12,870","13,035","13,120","12,835","3,64M","-2,24%"
"05.07.2023","13,165","13,190","13,260","13,070","3,29M","-0,68%"
"04.07.2023","13,255","13,175","13,295","13,095","2,44M","-2,79%"
"03.07.2023","13,635","13,460","13,710","13,375","4,65M","2,29%"
"30.06.2023","13,330","13,350","13,485","13,285","3,28M","0,38%"
"29.06.2023","13,280","13,150","13,325","13,130","5,78M","1,03%"
"28.06.2023","13,145","13,015","13,180","12,960","3,82M","0,61%"
"27.06.2023","13,065","13,195","13,230","12,880","2,66M","-0,19%"
"26.06.2023","13,090","13,065","13,110","12,815","12,32M","1,08%"
"23.06.2023","12,950","13,150","13,220","12,920","23,04M","-2,26%"
"22.06.2023","13,250","13,290","13,460","13,200","2,59M","-1,45%"
"21.06.2023","13,445","13,400","13,530","13,105","3,63M","0,79%"
"20.06.2023","13,340","13,600","13,685","13,275","13,92M","-2,02%"
"19.06.2023","13,615","13,615","13,805","13,570","2,60M","-0,55%"
"16.06.2023","13,690","13,615","13,790","13,585","8,77M","0,88%"
"15.06.2023","13,570","13,530","13,700","13,430","6,56M","0,18%"
"14.06.2023","13,545","13,520","13,750","13,485","4,15M","-0,07%"
"13.06.2023","13,555","13,375","13,680","13,365","3,97M","1,50%"
"12.06.2023","13,355","13,480","13,490","13,300","3,41M","-1,00%"
"09.06.2023","13,490","13,490","13,540","13,390","2,76M","0,00%"
"08.06.2023","13,490","13,500","13,690","13,450","2,82M","0,15%"
"07.06.2023","13,470","13,265","13,535","13,250","7,20M","1,28%"
"06.06.2023","13,300","13,200","13,325","13,035","2,96M","0,38%"
"05.06.2023","13,250","13,490","13,575","13,250","3,64M","-0,90%"
"02.06.2023","13,370","13,100","13,450","13,070","4,63M","2,89%"
"01.06.2023","12,995","12,750","13,020","12,700","3,63M","2,40%"
"31.05.2023","12,690","12,820","12,925","12,570","9,77M","-1,36%"
"30.05.2023","12,865","13,190","13,215","12,865","3,46M","-2,28%"
"29.05.2023","13,165","13,160","13,255","13,115","1,39M","0,69%"
"26.05.2023","13,075","13,115","13,130","12,920","1,81M","0,50%"
"25.05.2023","13,010","13,385","13,385","13,010","3,19M","-2,80%"
"24.05.2023","13,385","13,360","13,420","13,180","3,84M","0,30%"
"23.05.2023","13,345","13,395","13,395","13,140","2,78M","-0,19%"
"22.05.2023","13,370","13,335","13,425","13,310","2,57M","0,00%"
"19.05.2023","13,370","13,405","13,535","13,370","2,62M","0,00%"
"18.05.2023","13,370","13,355","13,435","13,295","2,62M","0,98%"
"17.05.2023","13,240","12,880","13,290","12,810","3,84M","0,15%"
"16.05.2023","13,220","13,265","13,430","13,165","4,27M","-0,56%"
"15.05.2023","13,295","13,205","13,305","13,115","2,29M","1,03%"
"12.05.2023","13,160","12,920","13,275","12,920","3,67M","0,77%"
"11.05.2023","13,060","13,040","13,175","12,920","5,37M","-0,34%"
"10.05.2023","13,105","13,100","13,220","12,970","5,87M","0,73%"
"09.05.2023","13,010","13,045","13,090","12,905","3,90M","-0,88%"
"08.05.2023","13,125","13,075","13,245","13,070","2,40M","0,96%"
"05.05.2023","13,000","12,785","13,125","12,770","3,91M","2,20%"
"04.05.2023","12,720","12,610","12,830","12,605","5,93M","1,56%"
"03.05.2023","12,525","12,735","12,870","12,455","7,79M","-1,49%"
"02.05.2023","12,715","13,265","13,300","12,695","14,29M","-4,72%"
"28.04.2023","13,345","13,300","13,385","13,060","5,52M","1,29%"
"27.04.2023","13,175","13,495","13,600","13,155","5,65M","-4,04%"
"26.04.2023","13,730","13,560","13,780","13,560","3,52M","0,96%"
"25.04.2023","13,600","13,615","13,800","13,530","3,20M","-0,11%"
"24.04.2023","13,615","13,200","13,670","13,140","7,62M","2,06%"
"21.04.2023","13,340","13,365","13,365","13,185","5,26M","0,23%"
"20.04.2023","13,310","13,500","13,580","13,300","5,29M","-1,66%"
"19.04.2023","13,535","13,610","13,715","13,445","4,23M","-1,20%"
"18.04.2023","13,700","13,760","13,870","13,620","8,80M","-2,04%"
"17.04.2023","13,985","13,940","14,140","13,855","3,61M","1,12%"
"14.04.2023","13,830","14,000","14,040","13,805","3,96M","-1,07%"
"13.04.2023","13,980","13,860","14,030","13,735","4,48M","1,01%"
"12.04.2023","13,840","14,220","14,235","13,775","5,02M","-1,88%"
"11.04.2023","14,105","14,155","14,295","14,010","2,13M","0,32%"
"06.04.2023","14,060","14,060","14,185","13,990","2,42M","0,04%"
"05.04.2023","14,055","13,930","14,075","13,825","8,42M","0,68%"
"04.04.2023","13,960","14,525","14,540","13,910","5,55M","-3,22%"
"03.04.2023","14,425","14,515","14,710","14,415","5,40M","1,69%"
"31.03.2023","14,185","14,280","14,360","14,120","4,33M","-0,60%"
"30.03.2023","14,270","14,290","14,450","14,175","7,19M","-0,14%"
"29.03.2023","14,290","14,285","14,395","14,165","8,32M","0,49%"
"28.03.2023","14,220","14,150","14,305","14,125","4,22M","2,01%"
"27.03.2023","13,940","13,970","14,065","13,695","10,57M","1,09%"
"24.03.2023","13,790","14,050","14,055","13,435","4,57M","-2,34%"
"23.03.2023","14,120","14,205","14,280","14,065","2,85M","-0,98%"
"22.03.2023","14,260","14,110","14,300","14,100","9,67M","0,81%"
"21.03.2023","14,145","14,020","14,360","13,865","4,67M","2,99%"
"20.03.2023","13,735","13,270","13,815","13,075","6,14M","1,85%"
"17.03.2023","13,485","13,480","13,835","13,320","9,09M","1,35%"
"16.03.2023","13,305","13,535","13,640","13,030","7,34M","-0,63%"
"15.03.2023","13,390","14,395","14,395","13,390","8,64M","-6,95%"
"14.03.2023","14,390","14,105","14,490","13,880","6,96M","1,05%"
"13.03.2023","14,240","14,920","14,930","14,150","6,32M","-4,78%"
"10.03.2023","14,955","14,950","14,990","14,805","4,00M","-0,83%"
"09.03.2023","15,080","15,345","15,345","15,030","3,30M","-1,57%"
"08.03.2023","15,320","15,365","15,410","15,210","3,29M","-0,65%"
"07.03.2023","15,420","15,500","15,540","15,420","9,60M","-0,10%"
"06.03.2023","15,435","15,300","15,520","15,300","3,56M","0,95%"
"03.03.2023","15,290","15,290","15,330","14,960","2,96M","0,07%"
"02.03.2023","15,280","15,230","15,285","15,145","4,53M","0,59%"
"01.03.2023","15,190","15,070","15,260","15,070","3,23M","1,23%"
"28.02.2023","15,005","14,960","15,170","14,860","5,29M","0,40%"
"27.02.2023","14,945","14,935","15,045","14,845","8,94M","0,64%"
"24.02.2023","14,850","15,000","15,100","14,750","2,56M","-0,50%"
"23.02.2023","14,925","14,685","15,050","14,625","4,11M","1,29%"
"22.02.2023","14,735","14,740","14,795","14,530","3,27M","-0,07%"
"21.02.2023","14,745","14,950","15,000","14,725","3,90M","-1,50%"
"20.02.2023","14,970","15,040","15,155","14,950","2,21M","-0,30%"
"17.02.2023","15,015","15,310","15,510","14,940","6,13M","-2,53%"
"16.02.2023","15,405","15,500","15,510","14,760","14,80M","0,42%"
"15.02.2023","15,340","15,390","15,540","15,280","4,48M","-0,55%"
"14.02.2023","15,425","15,350","15,470","15,195","4,27M","1,02%"
"13.02.2023","15,270","15,320","15,410","15,180","4,10M","-0,33%"
"10.02.2023","15,320","14,730","15,320","14,690","7,45M","4,08%"
"09.02.2023","14,720","14,790","14,940","14,620","3,80M","-0,10%"
"08.02.2023","14,735","14,555","14,930","14,510","11,13M","2,08%"
"07.02.2023","14,435","14,325","14,435","14,215","12,34M","1,69%"
"06.02.2023","14,195","14,450","14,500","14,150","8,52M","-1,56%"
"03.02.2023","14,420","14,500","14,710","14,390","9,78M","-0,79%"
"02.02.2023","14,535","14,960","14,960","14,535","17,97M","-2,94%"
"01.02.2023","14,975","15,265","15,315","14,960","4,14M","-0,76%"
"31.01.2023","15,090","15,120","15,135","14,910","3,28M","-0,26%"
"30.01.2023","15,130","15,100","15,210","14,950","4,32M","-0,88%"
"27.01.2023","15,265","15,195","15,410","15,195","3,24M","0,56%"
"26.01.2023","15,180","15,105","15,180","14,950","4,61M","0,96%"
"25.01.2023","15,035","15,175","15,300","14,945","6,38M","-1,67%"
"24.01.2023","15,290","15,530","15,540","15,235","3,25M","-1,55%"
"23.01.2023","15,530","15,315","15,540","15,280","3,36M","1,14%"
"20.01.2023","15,355","15,250","15,355","15,130","3,84M","1,42%"
"19.01.2023","15,140","15,000","15,185","14,845","29,10M","-0,46%"
"18.01.2023","15,210","15,000","15,275","14,995","9,08M","1,88%"
"17.01.2023","14,930","14,820","15,010","14,680","32,37M","0,78%"
"16.01.2023","14,815","14,995","15,120","14,745","2,85M","-0,57%"
"13.01.2023","14,900","14,875","15,040","14,855","2,78M","0,20%"
"12.01.2023","14,870","14,790","15,040","14,735","3,97M","0,88%"
"11.01.2023","14,740","14,895","14,940","14,665","3,42M","-0,34%"
"10.01.2023","14,790","14,770","15,000","14,760","2,68M","-0,20%"
"09.01.2023","14,820","14,800","15,115","14,800","3,78M","-2,34%"
"06.01.2023","15,175","14,840","15,195","14,795","4,98M","2,78%"
"05.01.2023","14,765","14,510","14,800","14,430","8,45M","2,14%"
"04.01.2023","14,455","14,770","14,780","14,355","41,05M","-2,66%"
"03.01.2023","14,850","15,225","15,375","14,820","22,03M","-2,24%"
"02.01.2023","15,190","14,950","15,230","14,920","7,78M","2,29%"
"30.12.2022","14,850","14,990","15,015","14,790","5,28M","-0,90%"
"29.12.2022","14,985","14,855","15,005","14,790","2,38M","0,23%"
"28.12.2022","14,950","15,075","15,265","14,850","3,87M","-0,66%"
"27.12.2022","15,050","14,930","15,180","14,860","5,12M","1,55%"
"23.12.2022","14,820","14,720","14,880","14,650","2,57M","0,34%"
"22.12.2022","14,770","14,770","14,960","14,720","3,44M","0,17%"
"21.12.2022","14,745","14,500","14,900","14,450","4,70M","2,18%"
"20.12.2022","14,430","14,120","14,520","14,020","4,14M","1,48%"
"19.12.2022","14,220","14,080","14,340","14,040","4,65M","1,64%"
"16.12.2022","13,990","14,200","14,330","13,990","12,81M","-1,62%"
"15.12.2022","14,220","14,290","14,450","14,195","5,06M","-0,87%"
"14.12.2022","14,345","14,280","14,525","14,215","5,30M","0,10%"
"13.12.2022","14,330","14,300","14,435","14,250","5,21M","1,06%"
"12.12.2022","14,180","14,055","14,260","13,990","4,32M","0,21%"
"09.12.2022","14,150","14,170","14,225","13,950","4,45M","-0,25%"
"08.12.2022","14,185","14,180","14,415","14,155","4,18M","0,39%"
"07.12.2022","14,130","14,365","14,380","14,130","6,14M","-2,69%"
"06.12.2022","14,520","14,505","14,590","14,305","3,87M","-0,65%"
"05.12.2022","14,615","14,600","14,770","14,525","3,67M","-0,03%"
"02.12.2022","14,620","14,615","14,735","14,520","4,29M","-1,32%"
"01.12.2022","14,815","14,790","14,905","14,710","4,37M","0,10%"
"30.11.2022","14,800","14,695","14,895","14,450","15,40M","1,13%"
"29.11.2022","14,635","14,500","14,855","14,495","7,99M","1,70%"
"28.11.2022","14,390","14,340","14,450","14,215","4,52M","-1,91%"
"25.11.2022","14,670","14,430","14,690","14,430","3,63M","1,49%"
"24.11.2022","14,455","14,320","14,490","14,210","2,69M","1,12%"
"23.11.2022","14,295","14,370","14,640","14,210","4,81M","-0,17%"
"22.11.2022","14,320","13,780","14,330","13,775","7,22M","6,83%"
"21.11.2022","13,405","13,735","13,930","13,340","4,88M","-2,83%"
"18.11.2022","13,795","13,895","14,130","13,605","4,47M","-0,25%"
"17.11.2022","13,830","14,000","14,095","13,790","3,56M","-1,91%"
"16.11.2022","14,100","14,050","14,295","14,040","3,57M","0,46%"
"15.11.2022","14,035","13,805","14,050","13,805","4,06M","1,37%"
"14.11.2022","13,845","13,680","13,900","13,635","3,34M","0,62%"
"11.11.2022","13,760","13,665","13,890","13,550","4,19M","0,81%"
"10.11.2022","13,650","13,835","14,045","13,575","4,55M","-2,08%"
"09.11.2022","13,940","14,130","14,180","13,860","4,51M","-1,10%"
"08.11.2022","14,095","14,190","14,240","14,070","4,22M","-1,43%"
"07.11.2022","14,300","14,230","14,420","14,185","7,53M","0,03%"
"04.11.2022","14,295","14,120","14,470","14,020","5,42M","1,85%"
"03.11.2022","14,035","13,770","14,095","13,675","3,59M","1,45%"
"02.11.2022","13,835","14,060","14,125","13,740","3,76M","-1,28%"
"01.11.2022","14,015","13,900","14,120","13,820","3,50M","1,96%"
"31.10.2022","13,745","13,735","13,895","13,495","5,38M","-0,25%"
"28.10.2022","13,780","13,625","13,965","13,560","7,49M","-0,43%"
"27.10.2022","13,840","13,290","13,885","13,250","11,33M","4,97%"
"26.10.2022","13,185","13,075","13,205","12,965","4,61M","0,69%"
"25.10.2022","13,095","13,340","13,375","13,075","6,67M","-1,54%"
"24.10.2022","13,300","13,155","13,415","12,970","3,96M","0,61%"
"21.10.2022","13,220","13,150","13,230","12,960","4,48M","0,30%"
"20.10.2022","13,180","12,950","13,395","12,900","4,44M","1,93%"
"19.10.2022","12,930","12,770","12,930","12,675","3,39M","2,21%"
"18.10.2022","12,650","12,800","12,890","12,620","3,73M","-0,75%"
"17.10.2022","12,745","12,510","12,995","12,510","5,59M","1,88%"
"14.10.2022","12,510","12,795","12,995","12,495","5,20M","-1,22%"
"13.10.2022","12,665","12,095","12,740","12,095","4,15M","4,50%"
"12.10.2022","12,120","12,275","12,465","12,025","4,33M","-0,45%"
"11.10.2022","12,175","12,300","12,350","11,925","5,71M","-2,21%"
"10.10.2022","12,450","12,550","12,745","12,400","3,52M","-1,89%"
"07.10.2022","12,690","12,720","12,740","12,450","3,65M","0,91%"
"06.10.2022","12,575","12,630","12,890","12,420","4,75M","-1,22%"
"05.10.2022","12,730","12,380","12,800","12,195","5,22M","2,58%"
"04.10.2022","12,410","12,320","12,630","12,205","6,62M","1,68%"
"03.10.2022","12,205","11,840","12,250","11,835","4,66M","3,39%"
"30.09.2022","11,805","11,835","11,995","11,680","4,07M","0,60%"
"29.09.2022","11,735","11,860","11,865","11,465","4,95M","-0,55%"
"28.09.2022","11,800","11,465","11,905","11,330","5,63M","1,72%"
"27.09.2022","11,600","11,330","11,705","11,320","5,21M","2,38%"
"26.09.2022","11,330","11,085","11,470","11,050","5,75M","-0,26%"
"23.09.2022","11,360","11,875","11,920","11,185","7,00M","-5,33%"
"22.09.2022","12,000","11,805","12,155","11,765","4,34M","1,01%"
"21.09.2022","11,880","12,045","12,370","11,850","7,81M","-0,59%"
"20.09.2022","11,950","12,115","12,195","11,900","4,28M","-1,12%"
"19.09.2022","12,085","11,860","12,155","11,705","4,63M","1,05%"
"16.09.2022","11,960","12,300","12,385","11,885","10,61M","-3,00%"
"15.09.2022","12,330","12,880","12,930","12,245","9,20M","-4,05%"
"14.09.2022","12,850","12,800","13,035","12,710","5,50M","-0,39%"
"13.09.2022","12,900","13,235","13,250","12,785","6,02M","-1,90%"
"12.09.2022","13,150","13,110","13,445","13,085","11,62M","0,31%"
"09.09.2022","13,110","12,850","13,170","12,835","3,27M","2,22%"
"08.09.2022","12,825","13,035","13,115","12,780","4,26M","-0,81%"
"07.09.2022","12,930","13,550","13,665","12,930","7,81M","-4,04%"
"06.09.2022","13,475","13,830","13,840","13,440","4,31M","-1,53%"
"05.09.2022","13,685","13,340","13,765","13,340","4,90M","2,28%"
"02.09.2022","13,380","12,995","13,440","12,900","4,96M","3,84%"
"01.09.2022","12,885","12,865","13,005","12,785","3,80M","-0,77%"
"31.08.2022","12,985","13,195","13,220","12,660","11,07M","-1,59%"
"30.08.2022","13,195","13,700","13,815","13,165","4,70M","-3,19%"
"29.08.2022","13,630","13,430","13,650","13,225","2,85M","1,49%"
"26.08.2022","13,430","13,415","13,545","13,390","3,72M","0,19%"
"25.08.2022","13,405","13,455","13,610","13,405","3,38M","1,13%"
"24.08.2022","13,255","13,600","13,690","13,230","4,30M","-3,18%"
"23.08.2022","13,690","13,220","13,730","13,220","5,47M","3,63%"
"22.08.2022","13,210","12,920","13,285","12,835","4,11M","1,03%"
"19.08.2022","13,075","13,000","13,180","12,915","4,75M","0,62%"
"18.08.2022","12,995","12,700","13,040","12,680","4,77M","2,65%"
"17.08.2022","12,660","12,525","12,680","12,425","3,52M","0,36%"
"16.08.2022","12,615","12,430","12,780","12,405","5,63M","2,15%"
"15.08.2022","12,350","12,725","12,735","12,205","4,00M","-2,37%"
"12.08.2022","12,650","12,575","12,900","12,570","4,78M","0,96%"
"11.08.2022","12,530","12,350","12,585","12,345","4,52M","2,16%"
"10.08.2022","12,265","12,350","12,480","12,180","6,93M","-1,29%"
"09.08.2022","12,425","12,040","12,480","11,950","5,23M","3,54%"
"08.08.2022","12,000","11,905","12,115","11,825","11,93M","1,39%"
"05.08.2022","11,835","11,780","11,895","11,535","5,02M","0,42%"
"04.08.2022","11,785","11,885","12,135","11,775","4,51M","-1,17%"
"03.08.2022","11,925","11,850","12,150","11,760","4,28M","0,42%"
"02.08.2022","11,875","11,820","12,000","11,760","4,32M","0,21%"
"01.08.2022","11,850","12,100","12,200","11,820","4,63M","-2,27%"
"29.07.2022","12,125","12,100","12,235","11,990","7,36M","1,76%"
"28.07.2022","11,915","12,600","12,600","11,650","9,92M","-4,87%"
"27.07.2022","12,525","12,385","12,620","12,340","9,07M","1,29%"
"26.07.2022","12,365","12,395","12,530","12,295","4,12M","1,02%"
"25.07.2022","12,240","11,945","12,240","11,810","2,92M","1,75%"
"22.07.2022","12,030","11,900","12,070","11,740","4,65M","2,12%"
"21.07.2022","11,780","12,105","12,140","11,645","6,65M","-2,56%"
"20.07.2022","12,090","12,265","12,265","11,985","2,46M","-0,17%"
"19.07.2022","12,110","12,000","12,120","11,915","5,73M","0,41%"
"18.07.2022","12,060","12,005","12,285","11,945","3,85M","1,47%"
"15.07.2022","11,885","11,955","12,030","11,735","5,68M","0,72%"
"14.07.2022","11,800","12,130","12,210","11,625","12,45M","-2,96%"
"13.07.2022","12,160","12,075","12,290","11,845","22,61M","-0,08%"
"12.07.2022","12,170","12,880","12,990","12,085","24,39M","-5,73%"
"11.07.2022","12,910","12,805","13,015","12,700","16,45M","-0,54%"
"08.07.2022","12,980","13,100","13,365","12,855","14,03M","-1,22%"
"07.07.2022","13,140","12,725","13,180","12,725","5,06M","4,83%"
"06.07.2022","12,535","12,850","12,970","12,455","6,13M","-1,45%"
"05.07.2022","12,720","13,540","13,565","12,665","9,06M","-8,03%"
"04.07.2022","13,830","13,835","13,950","13,730","4,92M","2,60%"
"01.07.2022","13,480","13,900","14,080","13,415","5,83M","-4,06%"
"30.06.2022","14,050","14,040","14,235","13,925","4,36M","-0,99%"
"29.06.2022","14,190","14,215","14,410","14,135","11,51M","-0,18%"
"28.06.2022","14,215","14,000","14,320","13,945","11,10M","2,97%"
"27.06.2022","13,805","13,795","14,000","13,595","9,03M","0,40%"
"24.06.2022","13,750","13,505","13,830","13,400","16,21M","1,25%"
"23.06.2022","13,580","13,640","13,940","13,305","6,70M","-0,59%"
"22.06.2022","13,660","13,960","13,965","13,535","7,49M","-4,27%"
"21.06.2022","14,270","14,180","14,330","14,070","6,85M","2,07%"
"20.06.2022","13,980","13,760","14,090","13,680","4,10M","1,75%"
"17.06.2022","13,740","14,400","14,435","13,740","15,73M","-4,58%"
"16.06.2022","14,400","14,945","15,070","14,250","13,88M","-3,97%"
"15.06.2022","14,995","15,295","15,370","14,775","11,77M","-2,28%"
"14.06.2022","15,345","15,210","15,585","15,035","4,94M","1,02%"
"13.06.2022","15,190","15,270","15,380","14,955","8,95M","-1,91%"
"10.06.2022","15,485","15,735","15,895","15,330","7,60M","-1,46%"
"09.06.2022","15,715","15,950","16,230","15,670","6,12M","-2,51%"
"08.06.2022","16,120","15,955","16,120","15,925","4,69M","1,07%"
"07.06.2022","15,950","15,400","16,045","15,390","6,94M","3,47%"
"06.06.2022","15,415","15,320","15,450","15,230","3,97M","1,68%"
"03.06.2022","15,160","15,000","15,160","14,840","3,11M","1,34%"
"02.06.2022","14,960","14,940","15,055","14,635","4,55M","0,71%"
"01.06.2022","14,855","15,055","15,190","14,840","10,11M","-0,93%"
"31.05.2022","14,995","14,950","15,310","14,940","14,16M","1,01%"
"30.05.2022","14,845","14,940","15,065","14,670","10,92M","-0,97%"
"27.05.2022","14,990","15,020","15,030","14,705","7,98M","0,23%"
"26.05.2022","14,955","15,000","15,105","14,805","7,77M","-0,43%"
"25.05.2022","15,020","14,800","15,150","14,780","13,55M","2,14%"
"24.05.2022","14,705","14,480","14,795","14,455","8,56M","0,31%"
"23.05.2022","14,660","14,730","14,840","14,460","8,54M","1,73%"
"20.05.2022","14,410","14,595","14,750","14,405","4,48M","-0,21%"
"19.05.2022","14,440","14,610","14,865","14,365","5,23M","-1,63%"
"18.05.2022","14,680","14,750","14,875","14,570","7,06M","0,79%"
"17.05.2022","14,565","14,500","14,795","14,350","6,02M","3,15%"
"16.05.2022","14,120","14,055","14,250","13,980","5,53M","-0,95%"
"13.05.2022","14,255","14,155","14,330","13,910","3,73M","1,89%"
"12.05.2022","13,990","13,930","14,285","13,810","4,73M","-1,86%"
"11.05.2022","14,255","13,725","14,255","13,725","5,50M","4,47%"
"10.05.2022","13,645","13,650","13,715","13,220","9,11M","0,55%"
"09.05.2022","13,570","14,580","14,795","13,570","38,54M","-8,53%"
"06.05.2022","14,835","14,400","14,940","14,345","10,33M","3,02%"
"05.05.2022","14,400","14,560","14,640","14,265","10,51M","0,81%"
"04.05.2022","14,285","14,055","14,545","14,040","7,56M","1,17%"
"03.05.2022","14,120","14,145","14,230","13,890","5,99M","0,11%"
"02.05.2022","14,105","14,080","14,240","13,795","7,60M","-1,26%"
"29.04.2022","14,285","13,765","14,330","13,650","18,80M","4,81%"
"28.04.2022","13,630","12,975","13,650","12,835","8,88M","5,58%"
"27.04.2022","12,910","12,595","12,985","12,595","7,25M","1,93%"
"26.04.2022","12,665","12,775","12,960","12,500","5,60M","0,48%"
"25.04.2022","12,605","12,835","13,090","12,605","9,00M","-4,47%"
"22.04.2022","13,195","13,530","13,535","12,730","8,47M","-3,51%"
"21.04.2022","13,675","13,650","13,790","13,585","7,64M","0,33%"
"20.04.2022","13,630","13,685","13,810","13,585","11,33M","-0,11%"
"19.04.2022","13,645","13,795","14,075","13,625","14,39M","-0,91%"
"14.04.2022","13,770","13,650","13,815","13,535","6,24M","1,74%"
"13.04.2022","13,535","13,245","13,580","13,240","22,18M","2,27%"
"12.04.2022","13,235","12,680","13,275","12,655","10,01M","3,36%"
"11.04.2022","12,805","12,800","12,930","12,760","6,12M","-0,19%"
"08.04.2022","12,830","12,350","12,830","12,335","12,85M","4,99%"
"07.04.2022","12,220","12,300","12,380","12,125","9,46M","-0,65%"
"06.04.2022","12,300","12,300","12,420","12,165","6,20M","0,90%"
"05.04.2022","12,190","11,990","12,200","11,865","9,69M","2,61%"
"04.04.2022","11,880","12,000","12,065","11,870","6,60M","-0,54%"
"01.04.2022","11,945","11,800","12,005","11,700","4,75M","0,18%"
"31.03.2022","11,924","11,922","12,062","11,834","5,25M","-0,82%"
"30.03.2022","12,022","11,900","12,046","11,880","4,64M","2,12%"
"29.03.2022","11,772","12,000","12,170","11,622","6,53M","-1,11%"
"28.03.2022","11,904","12,082","12,306","11,830","16,69M","-2,14%"
"25.03.2022","12,164","11,998","12,194","11,790","4,34M","1,45%"
"24.03.2022","11,990","12,074","12,204","11,980","7,74M","-0,66%"
"23.03.2022","12,070","11,862","12,144","11,810","7,94M","3,36%"
"22.03.2022","11,678","11,700","11,832","11,606","4,85M","0,41%"
"21.03.2022","11,630","11,250","11,650","11,242","9,41M","3,67%"
"18.03.2022","11,218","11,600","11,600","11,160","11,80M","-2,38%"
"17.03.2022","11,492","11,336","11,548","11,276","6,77M","2,35%"
"16.03.2022","11,228","11,600","11,642","11,198","10,86M","-2,09%"
"15.03.2022","11,468","11,350","11,468","11,158","7,79M","0,12%"
"14.03.2022","11,454","11,636","11,664","11,268","8,89M","-1,55%"
"11.03.2022","11,634","11,700","11,980","11,548","9,61M","-1,61%"
"10.03.2022","11,824","11,796","11,988","11,708","8,05M","-0,22%"
"09.03.2022","11,850","12,242","12,468","11,786","15,44M","-3,20%"
"08.03.2022","12,242","12,048","12,372","11,910","10,55M","2,63%"
"07.03.2022","11,928","11,450","12,096","11,292","17,13M","4,03%"
"04.03.2022","11,466","11,930","11,980","11,372","12,20M","-4,47%"
"03.03.2022","12,002","12,308","12,676","11,964","19,96M","-2,17%"
"02.03.2022","12,268","12,000","12,366","11,920","14,96M","3,42%"
"01.03.2022","11,862","11,700","11,992","11,652","9,15M","2,03%"
"28.02.2022","11,626","11,450","11,746","11,342","13,47M","0,28%"
"25.02.2022","11,594","11,210","11,736","11,150","9,06M","2,33%"
"24.02.2022","11,330","11,080","11,398","10,980","13,35M","-0,32%"
"23.02.2022","11,366","11,474","11,632","11,358","6,61M","-0,89%"
"22.02.2022","11,468","11,410","11,770","11,400","6,92M","-1,31%"
"21.02.2022","11,620","11,740","11,818","11,530","5,17M","-0,97%"
"18.02.2022","11,734","11,878","12,036","11,656","6,77M","-1,15%"
"17.02.2022","11,870","11,844","12,000","11,676","8,11M","-0,54%"
"16.02.2022","11,934","11,664","11,976","11,626","8,16M","2,65%"
"15.02.2022","11,626","11,590","11,750","11,436","8,14M","-0,36%"
"14.02.2022","11,668","11,754","11,988","11,606","8,36M","-1,69%"
"11.02.2022","11,868","11,626","11,882","11,580","6,43M","1,00%"
"10.02.2022","11,750","11,548","11,816","11,544","6,15M","1,43%"
"09.02.2022","11,584","11,620","11,644","11,390","8,11M","1,65%"
"08.02.2022","11,396","11,572","11,814","11,374","6,49M","-1,26%"
"07.02.2022","11,542","11,548","11,594","11,374","6,04M","0,47%"
"04.02.2022","11,488","11,420","11,586","11,392","7,24M","1,39%"
"03.02.2022","11,330","11,326","11,426","11,204","5,21M","0,04%"
"02.02.2022","11,326","11,376","11,432","11,162","6,13M","-0,51%"
"01.02.2022","11,384","11,286","11,426","11,114","9,45M","1,26%"
"31.01.2022","11,242","11,244","11,294","11,106","6,17M","0,46%"
"28.01.2022","11,190","11,244","11,350","11,112","6,07M","-0,50%"
"27.01.2022","11,246","10,868","11,374","10,830","6,94M","1,85%"
"26.01.2022","11,042","10,790","11,134","10,766","7,45M","3,04%"
"25.01.2022","10,716","10,344","10,734","10,324","10,81M","2,80%"
"24.01.2022","10,424","10,606","10,736","10,282","10,94M","-2,25%"
"21.01.2022","10,664","10,690","10,754","10,492","24,15M","-1,35%"
"20.01.2022","10,810","11,074","11,084","10,720","23,00M","-2,89%"
"19.01.2022","11,132","11,066","11,410","11,050","34,22M","0,07%"
"18.01.2022","11,124","11,200","11,290","11,072","56,50M","-0,18%"
"17.01.2022","11,144","11,204","11,276","11,092","19,57M","-0,87%"
"14.01.2022","11,242","11,180","11,266","11,086","4,11M","0,37%"
"13.01.2022","11,200","11,086","11,200","11,032","4,06M","1,03%"
"12.01.2022","11,086","10,984","11,178","10,970","8,05M","1,78%"
"11.01.2022","10,892","10,756","10,902","10,740","4,25M","1,04%"
"10.01.2022","10,780","10,850","10,912","10,730","4,19M","-0,48%"
"07.01.2022","10,832","10,960","10,968","10,662","5,79M","-2,80%"
"06.01.2022","11,144","11,030","11,246","10,900","10,99M","-0,25%"
"05.01.2022","11,172","10,900","11,190","10,892","24,88M","2,57%"
"04.01.2022","10,892","10,700","10,976","10,698","51,88M","2,29%"
"03.01.2022","10,648","10,456","10,696","10,440","11,34M","2,03%"
"30.12.2021","10,436","10,432","10,510","10,408","6,82M","-0,40%"
"29.12.2021","10,478","10,554","10,624","10,394","3,41M","-1,11%"
"28.12.2021","10,596","10,530","10,666","10,516","7,28M","0,88%"
"27.12.2021","10,504","10,296","10,576","10,274","4,73M","1,25%"
"23.12.2021","10,374","10,178","10,442","10,152","7,56M","2,19%"
"22.12.2021","10,152","10,088","10,172","10,020","3,34M","0,71%"
"21.12.2021","10,080","9,980","10,112","9,862","7,63M","2,42%"
"20.12.2021","9,842","9,690","9,876","9,630","18,90M","-1,02%"
"17.12.2021","9,943","9,917","9,989","9,832","9,12M","-0,55%"
"16.12.2021","9,998","9,930","10,078","9,903","6,84M","1,81%"
"15.12.2021","9,820","9,985","10,000","9,793","8,53M","-1,74%"
"14.12.2021","9,994","9,930","10,074","9,896","4,97M","1,10%"
"13.12.2021","9,885","10,144","10,274","9,885","4,39M","-2,13%"
"10.12.2021","10,100","10,114","10,212","10,060","5,45M","-0,36%"
"09.12.2021","10,136","10,324","10,354","10,100","3,43M","-1,69%"
"08.12.2021","10,310","10,352","10,430","10,198","4,03M","-0,83%"
"07.12.2021","10,396","10,380","10,540","10,320","6,27M","1,21%"
"06.12.2021","10,272","10,150","10,368","10,150","5,48M","2,09%"
"03.12.2021","10,062","10,220","10,308","10,062","6,20M","-0,40%"
"02.12.2021","10,102","9,894","10,188","9,882","7,76M","0,82%"
"01.12.2021","10,020","9,980","10,200","9,943","7,17M","2,34%"
"30.11.2021","9,791","9,722","9,854","9,603","18,98M","-1,22%"
"29.11.2021","9,912","9,854","10,110","9,799","8,23M","2,10%"
"26.11.2021","9,708","10,000","10,016","9,620","18,96M","-7,35%"
"25.11.2021","10,478","10,542","10,542","10,366","6,80M","-0,46%"
"24.11.2021","10,526","10,716","10,760","10,478","8,65M","-0,75%"
"23.11.2021","10,606","10,468","10,742","10,358","7,30M","0,66%"
"22.11.2021","10,536","10,380","10,586","10,290","5,64M","1,56%"
"19.11.2021","10,374","10,766","10,826","10,350","12,60M","-2,68%"
"18.11.2021","10,660","10,770","10,770","10,608","4,76M","-1,82%"
"17.11.2021","10,858","10,970","10,976","10,822","6,42M","-1,13%"
"16.11.2021","10,982","10,978","11,116","10,874","5,51M","0,44%"
"15.11.2021","10,934","10,810","11,026","10,774","6,06M","0,48%"
"12.11.2021","10,882","11,110","11,124","10,868","5,75M","-2,40%"
"11.11.2021","11,150","11,020","11,218","11,008","8,28M","0,81%"
"10.11.2021","11,060","10,862","11,190","10,858","9,77M","2,35%"
"09.11.2021","10,806","10,802","10,972","10,718","3,71M","-0,22%"
"08.11.2021","10,830","10,870","11,022","10,744","5,22M","0,17%"
"05.11.2021","10,812","10,710","10,878","10,584","8,24M","0,86%"
"04.11.2021","10,720","10,730","10,960","10,668","5,22M","0,00%"
"03.11.2021","10,720","10,784","10,860","10,612","9,34M","-1,76%"
"02.11.2021","10,912","11,000","11,000","10,764","5,44M","-0,96%"
"01.11.2021","11,018","11,080","11,184","11,000","8,73M","-0,34%"
"29.10.2021","11,056","11,150","11,286","11,018","44,09M","-0,07%"
"28.10.2021","11,064","11,476","11,488","10,902","11,38M","-3,51%"
"27.10.2021","11,466","11,580","11,580","11,320","8,84M","-0,64%"
"26.10.2021","11,540","11,690","11,710","11,468","4,64M","-1,18%"
"25.10.2021","11,678","11,424","11,716","11,424","6,73M","1,85%"
"22.10.2021","11,466","11,496","11,570","11,422","3,14M","0,12%"
"21.10.2021","11,452","11,596","11,660","11,444","7,31M","-2,04%"
"20.10.2021","11,690","11,474","11,714","11,438","10,96M","1,46%"
"19.10.2021","11,522","11,496","11,604","11,424","4,91M","0,05%"
"18.10.2021","11,516","11,586","11,602","11,392","10,37M","-0,55%"
"15.10.2021","11,580","11,576","11,704","11,508","5,80M","0,47%"
"14.10.2021","11,526","11,500","11,646","11,476","14,15M","1,21%"
"13.10.2021","11,388","11,494","11,520","11,216","4,41M","-1,23%"
"12.10.2021","11,530","11,366","11,540","10,790","30,98M","0,63%"
"11.10.2021","11,458","11,632","11,720","11,382","6,29M","-1,07%"
"08.10.2021","11,582","11,400","11,644","11,364","8,61M","0,71%"
"07.10.2021","11,500","11,538","11,604","11,356","5,83M","0,88%"
"06.10.2021","11,400","11,690","11,734","11,370","6,44M","-2,25%"
"05.10.2021","11,662","11,600","11,732","11,480","6,93M","0,22%"
"04.10.2021","11,636","11,396","11,780","11,380","16,94M","2,81%"
"01.10.2021","11,318","11,150","11,378","11,056","5,89M","0,18%"
"30.09.2021","11,298","11,262","11,380","11,126","7,16M","0,46%"
"29.09.2021","11,246","11,000","11,246","10,836","6,84M","2,01%"
"28.09.2021","11,024","11,020","11,220","10,980","17,18M","0,53%"
"27.09.2021","10,966","10,780","11,060","10,766","9,27M","2,29%"
"24.09.2021","10,720","10,670","10,762","10,638","4,75M","0,30%"
"23.09.2021","10,688","10,600","10,720","10,504","6,75M","2,06%"
"22.09.2021","10,472","10,370","10,626","10,370","6,88M","2,25%"
"21.09.2021","10,242","10,000","10,330","9,991","9,67M","2,64%"
"20.09.2021","9,979","9,852","10,014","9,736","7,43M","-0,65%"
"17.09.2021","10,044","10,180","10,200","9,935","14,90M","0,12%"
"16.09.2021","10,032","9,999","10,170","9,997","6,77M","0,30%"
"15.09.2021","10,002","9,780","10,060","9,780","5,98M","1,65%"
"14.09.2021","9,840","9,798","10,000","9,710","7,63M","0,58%"
"13.09.2021","9,783","9,441","9,786","9,441","5,35M","3,52%"
"10.09.2021","9,450","9,387","9,453","9,337","5,24M","0,95%"
"09.09.2021","9,361","9,453","9,467","9,294","5,65M","-1,62%"
"08.09.2021","9,515","9,556","9,647","9,389","4,91M","-1,09%"
"07.09.2021","9,620","9,590","9,670","9,522","2,53M","0,20%"
"06.09.2021","9,601","9,643","9,647","9,523","2,14M","0,10%"
"03.09.2021","9,591","9,722","9,760","9,570","5,39M","-1,60%"
"02.09.2021","9,747","9,515","9,765","9,501","3,53M","2,44%"
"01.09.2021","9,515","9,650","9,822","9,515","5,94M","-1,96%"
"31.08.2021","9,705","9,917","9,917","9,670","8,51M","-1,93%"
"30.08.2021","9,896","9,860","9,976","9,836","2,91M","-0,08%"
"27.08.2021","9,904","9,761","9,930","9,696","3,36M","2,18%"
"26.08.2021","9,693","9,642","9,737","9,591","2,31M","-0,23%"
"25.08.2021","9,715","9,738","9,810","9,675","3,63M","-0,05%"
"24.08.2021","9,720","9,700","9,755","9,663","5,05M","0,58%"
"23.08.2021","9,664","9,449","9,687","9,396","5,28M","3,23%"
"20.08.2021","9,362","9,290","9,376","9,231","5,13M","0,82%"
"19.08.2021","9,286","9,390","9,434","9,242","7,96M","-3,13%"
"18.08.2021","9,586","9,500","9,612","9,482","3,09M","0,73%"
"17.08.2021","9,517","9,450","9,600","9,397","3,26M","-0,01%"
"16.08.2021","9,518","9,542","9,545","9,443","3,81M","-1,42%"
"13.08.2021","9,655","9,780","9,780","9,586","3,83M","-0,91%"
"12.08.2021","9,744","9,710","9,850","9,675","4,30M","0,45%"
"11.08.2021","9,700","9,636","9,700","9,566","3,29M","0,82%"
"10.08.2021","9,621","9,518","9,654","9,452","9,95M","1,08%"
"09.08.2021","9,518","9,500","9,542","9,342","3,84M","-0,37%"
"06.08.2021","9,553","9,482","9,553","9,396","4,28M","0,64%"
"05.08.2021","9,492","9,349","9,492","9,272","4,65M","0,66%"
"04.08.2021","9,430","9,598","9,609","9,303","3,99M","-1,28%"
"03.08.2021","9,552","9,365","9,676","9,323","6,60M","3,16%"
"02.08.2021","9,259","9,300","9,538","9,255","9,39M","0,41%"
"30.07.2021","9,221","9,400","9,525","9,166","8,27M","-2,87%"
"29.07.2021","9,493","9,658","9,813","9,361","10,72M","-1,07%"
"28.07.2021","9,596","9,420","9,637","9,317","6,57M","1,67%"
"27.07.2021","9,438","9,461","9,461","9,255","4,42M","-0,03%"
"26.07.2021","9,441","9,109","9,495","9,050","4,16M","2,80%"
"23.07.2021","9,184","9,271","9,355","9,130","3,54M","-0,08%"
"22.07.2021","9,191","9,310","9,414","9,137","4,91M","-0,63%"
"21.07.2021","9,249","8,989","9,283","8,921","7,19M","3,34%"
"20.07.2021","8,950","8,786","8,974","8,692","6,14M","2,19%"
"19.07.2021","8,758","9,126","9,127","8,725","9,78M","-4,43%"
"16.07.2021","9,164","9,236","9,415","9,057","12,05M","-1,73%"
"15.07.2021","9,325","9,500","9,501","9,232","19,82M","-2,45%"
"14.07.2021","9,559","9,549","9,724","9,543","3,99M","-0,10%"
"13.07.2021","9,569","9,801","9,828","9,522","9,38M","-1,85%"
"12.07.2021","9,749","9,880","9,900","9,607","61,95M","-1,01%"
"09.07.2021","9,848","9,772","9,877","9,601","6,27M","1,20%"
"08.07.2021","9,731","9,930","10,096","9,565","10,74M","-2,25%"
"07.07.2021","9,955","10,100","10,324","9,862","7,65M","-0,93%"
"06.07.2021","10,048","10,400","10,560","10,034","6,50M","-3,20%"
"05.07.2021","10,380","10,450","10,450","10,100","3,64M","-2,33%"
"02.07.2021","10,628","10,770","10,808","10,560","6,55M","-0,91%"
"01.07.2021","10,726","10,660","10,868","10,626","18,75M","1,63%"
"30.06.2021","10,554","10,680","10,752","10,508","5,08M","-1,22%"
"29.06.2021","10,684","10,682","10,850","10,622","7,38M","0,02%"
"28.06.2021","10,682","11,054","11,100","10,650","55,58M","-3,40%"
"25.06.2021","11,058","11,164","11,190","11,022","5,94M","-0,36%"
"24.06.2021","11,098","10,916","11,144","10,826","7,14M","2,27%"
"23.06.2021","10,852","10,850","11,050","10,848","14,44M","0,26%"
"22.06.2021","10,824","10,870","10,986","10,772","11,13M","0,52%"
"21.06.2021","10,768","10,700","10,870","10,570","12,99M","0,26%"
"18.06.2021","10,740","11,090","11,120","10,656","29,10M","-3,80%"
"17.06.2021","11,164","11,220","11,420","11,164","8,87M","-0,98%"
"16.06.2021","11,274","11,490","11,550","11,254","10,00M","-1,73%"
"15.06.2021","11,472","11,444","11,498","11,286","9,54M","0,00%"
"14.06.2021","11,472","11,220","11,500","11,220","12,00M","2,30%"
"11.06.2021","11,214","11,166","11,280","11,162","2,52M","-0,07%"
"10.06.2021","11,222","11,250","11,294","11,124","4,31M","-0,30%"
"09.06.2021","11,256","11,310","11,348","11,152","4,11M","-0,30%"
"08.06.2021","11,290","11,338","11,338","11,120","2,68M","-0,51%"
"07.06.2021","11,348","11,250","11,388","11,088","4,16M","0,87%"
"04.06.2021","11,250","11,400","11,410","11,198","2,88M","-1,23%"
"03.06.2021","11,390","11,364","11,400","11,242","3,82M","0,71%"
"02.06.2021","11,310","11,250","11,410","11,178","3,76M","0,62%"
"01.06.2021","11,240","11,000","11,278","11,000","5,29M","2,89%"
"31.05.2021","10,924","10,982","11,010","10,906","2,29M","-0,36%"
"28.05.2021","10,964","11,096","11,096","10,886","2,86M","-0,38%"
"27.05.2021","11,006","11,026","11,116","10,976","6,09M","-0,58%"
"26.05.2021","11,070","10,872","11,092","10,822","5,46M","1,95%"
"25.05.2021","10,858","11,050","11,088","10,822","4,14M","-1,67%"
"24.05.2021","11,042","10,940","11,046","10,928","2,34M","0,99%"
"21.05.2021","10,934","10,820","11,050","10,666","5,30M","0,85%"
"20.05.2021","10,842","10,930","10,958","10,682","6,05M","-0,44%"
"19.05.2021","10,890","11,000","11,124","10,746","5,30M","-2,58%"
"18.05.2021","11,178","11,200","11,400","11,130","6,31M","-0,09%"
"17.05.2021","11,188","11,134","11,188","10,906","3,24M","0,77%"
"14.05.2021","11,102","10,868","11,140","10,834","5,48M","2,36%"
"13.05.2021","10,846","10,880","10,880","10,596","5,94M","-1,60%"
"12.05.2021","11,022","10,730","11,070","10,636","5,45M","2,86%"
"11.05.2021","10,716","10,844","10,896","10,712","5,67M","-1,83%"
"10.05.2021","10,916","10,930","11,066","10,878","6,97M","1,06%"
"07.05.2021","10,802","10,900","10,912","10,682","4,21M","0,02%"
"06.05.2021","10,800","10,860","10,962","10,656","5,41M","-0,22%"
"05.05.2021","10,824","10,640","10,876","10,590","6,65M","3,11%"
"04.05.2021","10,498","10,258","10,776","10,226","24,41M","2,54%"
"03.05.2021","10,238","9,981","10,240","9,925","4,58M","3,02%"
"30.04.2021","9,938","10,176","10,236","9,936","5,11M","-2,11%"
"29.04.2021","10,152","10,406","10,438","10,144","5,74M","-1,05%"
"28.04.2021","10,260","10,138","10,260","10,098","4,81M","2,29%"
"27.04.2021","10,030","10,106","10,182","9,993","3,49M","-0,97%"
"26.04.2021","10,128","10,020","10,166","9,920","4,39M","1,18%"
"23.04.2021","10,010","10,018","10,100","9,972","3,29M","-0,73%"
"22.04.2021","10,084","10,100","10,100","9,933","4,36M","0,04%"
"21.04.2021","10,080","9,860","10,138","9,860","6,71M","2,34%"
"20.04.2021","9,850","10,240","10,320","9,850","10,30M","-3,92%"
"19.04.2021","10,252","10,330","10,388","10,144","4,06M","-0,97%"
"16.04.2021","10,352","10,394","10,476","10,280","9,81M","-0,40%"
"15.04.2021","10,394","10,620","10,628","10,314","4,31M","-1,63%"
"14.04.2021","10,566","10,090","10,602","10,074","16,10M","4,41%"
"13.04.2021","10,120","10,250","10,258","10,052","43,72M","-0,88%"
"12.04.2021","10,210","10,080","10,258","10,020","3,24M","0,75%"
"09.04.2021","10,134","10,210","10,254","10,116","3,43M","-0,71%"
"08.04.2021","10,206","10,520","10,528","10,106","8,00M","-2,58%"
"07.04.2021","10,476","10,420","10,612","10,410","3,49M","0,60%"
"06.04.2021","10,414","10,440","10,640","10,414","5,60M","-0,23%"
"01.04.2021","10,438","10,630","10,630","10,402","5,11M","-1,16%"
"31.03.2021","10,560","10,670","10,775","10,530","5,45M","-1,03%"
"30.03.2021","10,670","10,740","10,835","10,600","4,56M","-0,28%"
"29.03.2021","10,700","10,600","10,720","10,420","6,16M","0,90%"
"26.03.2021","10,605","10,400","10,605","10,345","9,15M","2,66%"
"25.03.2021","10,330","10,680","10,710","10,055","8,77M","-3,37%"
"24.03.2021","10,690","10,300","10,690","10,265","6,89M","2,59%"
"23.03.2021","10,420","10,520","10,545","10,250","12,61M","-1,33%"
"22.03.2021","10,560","10,585","10,695","10,545","5,98M","-1,03%"
"19.03.2021","10,670","10,580","10,740","10,415","10,66M","-0,47%"
"18.03.2021","10,720","10,775","10,830","10,610","7,07M","-0,14%"
"17.03.2021","10,735","10,645","10,835","10,625","5,79M","-0,14%"
"16.03.2021","10,750","10,900","10,940","10,615","5,85M","-0,92%"
"15.03.2021","10,850","11,000","11,140","10,820","6,88M","-1,00%"
"12.03.2021","10,960","10,720","10,975","10,720","5,42M","1,95%"
"11.03.2021","10,750","10,770","10,840","10,555","6,28M","0,47%"
"10.03.2021","10,700","10,630","10,890","10,580","6,02M","-0,23%"
"09.03.2021","10,725","10,760","10,875","10,565","7,75M","0,42%"
"08.03.2021","10,680","10,930","11,020","10,525","10,63M","-2,60%"
"05.03.2021","10,965","11,020","11,140","10,890","13,04M","-0,68%"
"04.03.2021","11,040","10,660","11,140","10,650","11,22M","1,66%"
"03.03.2021","10,860","10,600","10,885","10,600","8,75M","1,78%"
"02.03.2021","10,670","10,540","10,770","10,440","10,11M","-0,33%"
"01.03.2021","10,705","10,520","10,780","10,520","9,01M","2,78%"
"26.02.2021","10,415","10,425","10,525","10,280","12,41M","-1,93%"
"25.02.2021","10,620","10,345","10,685","10,330","12,46M","2,91%"
"24.02.2021","10,320","10,225","10,325","10,135","10,09M","1,72%"
"23.02.2021","10,145","10,190","10,400","9,980","11,76M","-0,05%"
"22.02.2021","10,150","9,910","10,210","9,860","10,53M","2,11%"
"19.02.2021","9,940","9,486","9,964","9,372","10,59M","3,97%"
"18.02.2021","9,560","9,500","9,778","9,500","11,74M","1,10%"
"17.02.2021","9,456","9,400","9,748","9,396","10,38M","0,42%"
"16.02.2021","9,416","9,400","9,550","9,256","9,43M","0,60%"
"15.02.2021","9,360","8,970","9,390","8,926","12,16M","5,48%"
"12.02.2021","8,874","8,740","8,876","8,608","4,21M","1,09%"
"11.02.2021","8,778","8,862","8,910","8,736","4,79M","-1,13%"
"10.02.2021","8,878","8,812","8,906","8,690","6,57M","0,93%"
"09.02.2021","8,796","8,878","8,968","8,768","7,20M","-0,59%"
"08.02.2021","8,848","8,752","8,870","8,686","8,43M","1,56%"
"05.02.2021","8,712","8,620","8,806","8,470","8,74M","1,30%"
"04.02.2021","8,600","8,610","8,796","8,468","8,55M","0,28%"
"03.02.2021","8,576","8,312","8,586","8,142","9,97M","4,87%"
"02.02.2021","8,178","8,094","8,250","8,082","15,67M","2,48%"
"01.02.2021","7,980","8,170","8,206","7,960","11,07M","-1,75%"
"29.01.2021","8,122","8,280","8,400","8,122","5,71M","-2,99%"
"28.01.2021","8,372","8,340","8,486","8,266","5,49M","-1,76%"
"27.01.2021","8,522","8,424","8,546","8,256","11,64M","0,83%"
"26.01.2021","8,452","8,250","8,566","8,240","6,08M","1,83%"
"25.01.2021","8,300","8,518","8,560","8,230","8,27M","-1,80%"
"22.01.2021","8,452","8,500","8,500","8,274","12,83M","-1,38%"
"21.01.2021","8,570","8,860","8,876","8,560","11,69M","-3,12%"
"20.01.2021","8,846","8,724","8,872","8,672","5,76M","2,48%"
"19.01.2021","8,632","8,710","8,780","8,622","16,59M","-0,46%"
"18.01.2021","8,672","8,576","8,716","8,520","4,43M","0,23%"
"15.01.2021","8,652","8,820","8,856","8,522","8,48M","-2,37%"
"14.01.2021","8,862","8,700","8,896","8,692","8,66M","1,84%"
"13.01.2021","8,702","8,860","8,922","8,694","5,31M","-1,36%"
"12.01.2021","8,822","8,740","8,894","8,680","7,69M","2,15%"
"11.01.2021","8,636","8,664","8,726","8,540","5,99M","-1,03%"
"08.01.2021","8,726","8,980","8,988","8,692","11,81M","-1,76%"
"07.01.2021","8,882","8,886","8,950","8,580","17,01M","0,36%"
"06.01.2021","8,850","8,784","8,984","8,738","12,40M","1,37%"
"05.01.2021","8,730","8,142","8,730","8,134","11,67M","7,70%"
"04.01.2021","8,106","8,328","8,510","8,082","7,89M","-1,75%"